CREATE DATABASE P1;

SHOW DATABASES;

USE P1;

create table Deposite (ACTNO VARCHAR(20),CNAME VARCHAR(50),BNAME VARCHAR(50),AMOUNT VARCHAR(50),ADATE VARCHAR(20));

INSERT INTO DEPOSIT(ACTNO,CNAME,BNAME,AMOUNT,ADATE)
VALUES("100","ANIL","VRCE","1000.00","1-MAR-95"),
("101", "SUNIL", "AJNI", "5000.00", "4-JAN-96"),
("102", "MEHUL", "KAROLBAGH", "3500.00", "17-NOV-95"),
("104", "MADHURI", "CHANDI", "1200.00", "17-DEC-95"),
("105", "PRAMOD", "M.G.ROAD", "3000.00", "27-MAR-96"),
("106", "SANDIP", "ANDHERI", "2000.00", "31-MAR-96"),
("107", "SHIVANI", "VIRAR", "1000.00", "5-SEP-95 "),
("108", "KRANTI", "NEHRU PLACE", "5000.00", "2-JUL-95"),
("109", "MINU", "POWAI", "7000.00", "10-AUG-95");


create table Branch(BNAME VARCHAR(50),CITY VARCHAR(50));

INSERT INTO Branch (BNAME,CITY)
VALUES("VRCE","NAGPUR"),
("AJNI","NAGPUR"),
("KAROLBAGH","DELHI"),
("CHANDI","DELHI"),
("DHARAMPETH","NAGPUR"),
("M.G.ROAD","BANGLORE"),
("ANDHERI","BOMBAY"),
("VIRAR","BOMBAY"),
("NEHRU PLACE","DELHI"),
("POWAI","BOMBAY");

create table Customers(CNAME VARCHAR(50),CITY VARCHAR(50));

INSERT INTO Customers (CNAME,CITY)
VALUES("ANIL","CALCUTTA"),
("SUNIL","DELHI"),
("MEHUL","BARODA"),
("MANDAR","PATNA"),
("MADHURI","NAGPUR"),
("PRAMOD","NAGPUR"),
("SANDIP","SURAT"),
("SHIVANI","BOMBAY"),
("KRANTI","BOMBAY"),
("NAREN","BOMBAY");

create table Borrow(LOANNO VARCHAR(20),CNAME VARCHAR(50),BNAME VARCHAR(50),AMOUNT VARCHAR(20));

INSERT INTO Borrow (LOANNO,CNAME,BNAME,AMOUNT)
VALUES("201","ANIL","VRCE","1000.00"),
("206","MEHUL","AJNI","5000.00"),
("311","SUNIL","DHARAMPETH","3000.00"),
("321","MADHURI","ANDHERI","2000.00"),
("375","PRAMOD","VIRAR","8000.00"),
("481","KRANTI","NEHRU PLACE","3000.00");


select * from Deposit;
select * from Branch;
select * from Customers;
select * from Borrow;
